Rank,School,Name,Elo,DD Student,NSD Student
1,Lincoln-Sudbury KA,Ayala & Khan,1804.944,N, N,
2,River Hill BT,Bi & Tang,1784.008,N, N,
3,Strath Haven DF,Dudley & Foster,1779.634,N, N,
4,Lexington LM,Liu & Ma,1682.367,N, N,
5,American Heritage Broward CP,Chen & Pinto,1667.515,N, N,
6,Emerald AG,Agarwal & Gabada,1666.658,N, N,
7,Basis Langley Independent RC,Chun & Rask,1662.308,N, N,
8,Horace Mann PJ,Ji & Park,1656.493,N, N,
9,College Prep FK,Falk & Kurland,1656.177,N, N,
10,Fairmont Prep KT,Kang & Tsai,1655.26,N, N,
11,FW CB,Brashear & Chen,1648.662,N, N,
12,Emerald KG,Gairola & Karur-Parekh,1636.381,N, N,
13,Riverside SL,Li & Sakamuri,1635.497,N, N,
14,Stuyvesant BD,Bovenzi & Devery Michaelson,1635.046,N, N,
15,Richard Montgomery WY,Wei & Yuan,1632.079,N, N,
16,East Ridge MV,Mohta & Venkat,1621.303,N, N,
17,Fremd Independent BI,Balu & Iyengar,1615.044,N, N,
18,Blake BT,Banatwala & Tarafder,1610.912,N, N,
19,Fairmont Prep NP,Ngo & Park,1609.551,N, N,
20,Strake Jesuit  CM,Castillo & Magon,1607.885,N, N,
21,Taipei American HT,Hung & Tsai,1607.618,N, N,
22,Plano West AB,Appan & Bai,1600.782,N, N,
23,Nueva AG,Alferness & Gupta,1600.507,N, N,
24,National Debate Club (NDC) LL,Li & Liu,1599.578,N, N,
25,DK LC,Carman & Lay,1598.639,N, N,
26,American Heritage Palm Beach CJ,Cohen & Jemail,1597.748,N, N,
27,Millburn CT,Chung & Tyagi,1596.048,N, N,
28,Christopher Columbus CR,Caram & Ross,1593.463,N, N,
29,Ridge SL,Li & Sateeja,1592.148,N, N,
30,Fairmont Prep LS,Lunde & Shah,1590.722,N, N,
31,Golden State CZ,Corbu & Zhang,1589.273,N, N,
32,Los Altos DD,Desai & Ding,1589.052,N, N,
33,Delbarton AX,Aiello & Xu,1588.923,N, N,
34,BASIS Peoria Independent LA,Ashok & Lohani,1588.251,N, N,
35,Flintridge Prep BC,Bae & Cooper,1588.234,N, N,
36,AH WZ,Wu & Zheng,1582.415,N, N,
37,Trinity MC,Chiang & Masella,1582.268,N, N,
38,Blake BC,Balachander & Chen,1581.764,N, N,
39,Strake Jesuit  LH,Hablinski & Li,1581.377,N, N,
40,Stuyvesant BL,Binyaminov & Li,1581.001,N, N,
41,Dreyfoos Arts MM,Mason & McDowell,1578.468,N, N,
42,Denver East RA,Abrams & Rasmussen,1576.844,N, N,
43,Plano West ZZ,Zhang & Zhao,1576.309,N, N,
44,Emerald BS,Baindla & Saravanan,1574.354,N, N,
45,Gulliver Prep IS,Ishoof & Santoyo Geijo,1572.398,N, N,
46,Harker LL,Le & Luo,1571.129,N, N,
47,Milton Acad CX,Choe & Xue,1570.135,N, N,
48,EA KE,Eadala & Kozlov,1569.609,N, N,
49,Golden State MR,Madhav & Rao,1569.29,N, N,
50,Bronx Science TT,Tan & Tsao,1568.071,N, N,
51,Ravenwood TI,Ideus & Tiyyagura,1566.457,N, N,
52,Strake Jesuit  MS,Murthy & Stratton,1565.332,N, N,
53,Iowa City West AE,Ahmad & El-Fadil,1565.155,N, N,
54,Lexington ML,Liu & Meka,1564.183,N, N,
55,Regis LN,Liew & Napoli,1563.547,N, N,
56,CJ GA,Athanassiou & Gandhi,1563.123,N, N,
57,Delbarton RW,Ross & Wyso,1562.126,N, N,
58,Fairmont Prep MS,Milik & Seth,1560.008,N, N,
59,Fairmont Prep PP,Patel & Patel,1557.798,N, N,
60,Fairmont Prep JP,Ji & Patel,1556.769,N, N,
61,Nueva DY,D'Agostino & Yang,1555.355,N, N,
62,FE KV,Kapure & Vatsya,1555.274,N, N,
63,Lynbrook LP,Loonawat & Patel,1555.091,N, N,
64,Jasper HL,Harika & Liang,1554.945,N, N,
65,Trinity Prep DC,Chong & Daniel,1554.938,N, N,
66,FZ PL,Li & Parsi,1552.829,N, N,
67,Arizona Chandler Independent AD,Avadhani & Duggirala,1551.905,N, N,
68,Cambridge YL,Lee & Yang,1551.754,N, N,
69,Los Altos LL,Lin & Lingo,1550.879,N, N,
70,Millburn SK,Kapur & Sinha,1550.404,N, N,
71,Southlake Carroll GW,Golla & Wang,1550.338,N, N,
72,Southlake Carroll DT,Dharani & Tummala,1550.214,N, N,
73,VDA - Vancouver ZT,Tu & Zhou,1550.074,N, N,
74,GB PG,Grabel & Pehkonen,1548.863,N, N,
75,Lincoln-Sudbury CR,Chen & Rani,1548.388,N, N,
76,AG MM,Magill & Melam,1547.96,N, N,
77,Cambridge LK,Kim & Lee,1546.913,N, N,
78,GD SR,Rupareliya & Shi,1545.474,N, N,
79,Campbell Hall BK,Bart & Kosloff,1545.473,N, N,
80,Bronx Science BI,Branch & Isaacs,1544.378,N, N,
81,Summit SZ,Sood & Zahtila,1544.167,N, N,
82,Hunter WT,Turner-Walkowitz & Wan,1541.018,N, N,
83,Cambridge TW,Tang & Wang,1540.673,N, N,
84,Monte Vista HS Independent BH,Balakundhi & Hanif,1539.814,N, N,
85,Northeast Atlantic Independent SL,Lock & Scheufele,1539.762,N, N,
86,Newton South TP,Pang & Tendulkar,1539.7,N, N,
87,Lexington MS,Ma & Sethi,1538.882,N, N,
88,DF PL,Liang & Pang,1538.513,N, N,
89,Plano West BM,Bhakkad & Mahmud,1535.992,N, N,
90,Magnolia CS,Choubey & Shah,1535.846,N, N,
91,Canyon HS,Hwang & Singh,1535.443,N, N,
92,DF PW,Paltrowitz & Wang,1535.305,N, N,
93,College Prep BD,Beamer & Dhillon,1534.93,N, N,
94,Ivy Bridge KY,Kumaran & Yan,1534.763,N, N,
95,North Allegheny DD,Dassanaike-Perera & Du,1534.31,N, N,
96,Potomac PL,Lee & Parmar,1534.025,N, N,
97,Awty International XZ,Xu & Zhao,1533.318,N, N,
98,Plano Senior GS,Garg & Shankar,1532.514,N, N,
99,FK NM,Mujeeb & Nguyen,1531.322,N, N,
100,Cougar Independent BP,Balakrishnan & Pasumarthi,1531.055,N, N,
101,GF AH,Arora & Huang,1530.811,N, N,
102,Nueva IR,Iyer & Rong,1529.842,N, N,
103,Folsom Independent YK,Kolli & Yarlagadda,1529.837,N, N,
104,Bellarmine  BI,Banka & Iyengar,1529.29,N, N,
105,Bronx Science BK,Birman & Koo,1528.946,N, N,
106,St John's GZ,Greenberg & Zhao,1528.452,N, N,
107,Syosset MZ,Meng & Zhao,1527.778,N, N,
108,Omega CZ,Chen & Zhao,1527.038,N, N,
109,VDA - Vancouver LY,Lu & Ye,1526.665,N, N,
110,AH WR,Ramaswamy & Wu,1526.663,N, N,
111,CH DH,Dave & Hou,1525.541,N, N,
112,DC DY,Dong & Yang,1525.456,N, N,
113,North Allegheny RG,& Sai Raajiv Ghosh,1524.879,N, N,
114,West Windsor Plainsboro South MS,Maheshwari & Shenoy,1524.874,N, N,
115,Mission San Jose PS,Pala & Shah,1524.568,N, N,
116,Bergen WZ,Wadhera & Zhang,1524.541,N, N,
117,Northwood SH,Hui & Sudhakar,1524.441,N, N,
118,Atlantic Independent BC,Baddela & Chen,1524.391,N, N,
119,Taipei American BA,& Agborsangaya Bate Aung,1524.355,N, N,
120,Emerald KX,Krishnakumar & Xu,1524.158,N, N,
121,Ridge HP,Hira & Pyloore,1524.084,N, N,
122,Brother Rice BJ,Barbat & Juncaj,1523.816,N, N,
123,Lincoln-Sudbury CA,Ayala & Chen,1523.676,N, N,
124,Syosset LS,Li & Sahu,1523.643,N, N,
125,EA GW,Gupta & Wu,1522.907,N, N,
126,Lexington SP,Pokharna & Shah,1522.171,N, N,
127,Ridge HP,Hira & Potrevu,1521.522,N, N,
128,Westlake MR,Mujeeb & Reddy,1521.481,N, N,
129,Newton South BT,Brown & Telio,1521.241,N, N,
130,Montville NS,Natesan & Shamsudin,1521.214,N, N,
131,Strake Jesuit  NH,Hadi & Ngo,1521.104,N, N,
132,Westridge MW,Murray & Whitaker,1520.796,N, N,
133,Millburn XS,Sinha & Xia,1520.712,N, N,
134,AA DK,Donovan & Kyle,1520.495,N, N,
135,Horace Mann CP,Cheng & Paksima,1520.309,N, N,
136,Millburn CW,Chen & Wang,1520.306,N, N,
137,Lake Highland Prep GA,Arain & Ghanem,1520.289,N, N,
138,Montville ZW,Wang & Zhang,1519.94,N, N,
139,Southlake Carroll TS,Subhash & Tamirisa,1519.876,N, N,
140,Bronx Science AC,Auth & Campbell,1519.782,N, N,
141,Regis AL,Augustine & Lauriello,1519.782,N, N,
142,College Prep JL,Jhaveri & Lee,1519.738,N, N,
143,Berkeley Lake ZG,Gao & Zhang,1519.465,N, N,
144,Folsom Independent AM,Arasan & Malyala,1519.128,N, N,
145,Honor BS,Bidani & Sethi,1519.09,N, N,
146,Canyon Crest PaSh,Pandhi & Shi,1518.963,N, N,
147,Lynbrook SS,Saharoy & Shrivastava,1518.897,N, N,
148,Delbarton KL,Kapp & Leidl,1518.712,N, N,
149,Avenues: The World JY,Jacques & Yi,1518.699,N, N,
150,BASIS Peoria Independent MK,Kusurkar & Moon,1518.695,N, N,
151,College Prep HS,Hao & Sabnani,1518.579,N, N,
152,Nueva WM,McLaughlin & Wojin,1517.553,N, N,
153,FM WL,Li & Wang,1516.449,N, N,
154,FF AS,Anwar & Samuels,1516.091,N, N,
155,Summit PA,Au-Yeung & Patel,1516.03,N, N,
156,GJ SB,Brodlieb & Sadowski,1514.02,N, N,
157,DC FQ,Feng & Qian,1513.12,N, N,
158,Durham SE,Erden & Spitzer,1512.952,N, N,
159,Bronx Science AlCo,Alpert & Cohen,1512.838,N, N,
160,Durham BH,Bass & Hechema,1512.594,N, N,
161,Kinkaid MC,Cai & Mei,1512.582,N, N,
162,Hunter SS,Sandu & Schonfeld,1512.013,N, N,
163,AA SR,Rico & Somers,1511.624,N, N,
164,Strake Jesuit  HK,Harpavat & Kirichenko,1510.853,N, N,
165,Clovis North AG,Almasri & Gurani,1510.785,N, N,
166,Dougherty Valley BW,Bahrani & Wu,1510.332,N, N,
167,Cary Acad MB,Bolt & McSwain,1510.218,N, N,
168,Archbishop Mitty HK,Huang & Kwok,1509.605,N, N,
169,Montville GS,Gokaraju & Shamdasani,1509.483,N, N,
170,Academy at Palumbo CS,Cutrone & Semmel,1509.471,N, N,
171,Monte Vista HS Independent GV,Gajjar & Vasudeva,1509.383,N, N,
172,Saratoga TR,Ravishankar & Tirthapura,1509.357,N, N,
173,Milpitas NP,Nguyen & Partha,1509.23,N, N,
174,Riverside VV,Virmani & Virmani,1509.219,N, N,
175,Canyon Crest AR,Asuri & Rupareliya,1509.073,N, N,
176,Delbarton CA,Amin & Caravello,1508.932,N, N,
177,GB SM,Mishra & Sudhakar,1508.531,N, N,
178,EA NS,Narra & Shroff,1508.384,N, N,
179,Lexington LX,Li & Xia,1507.432,N, N,
180,Livingston TN,Nistala & Tripathi,1507.125,N, N,
181,Lakeville North ST,Shao & Tung,1506.872,N, N,
182,Dougherty Valley SA,Alurkar & Santorsiero,1506.686,N, N,
183,Potomac MS,Mankovsky & Shanmugam,1506.6,N, N,
184,St Mary's Hall JM,Jafferali & Manso,1506.489,N, N,
185,College Prep DJ,Dhillon & Jhaveri,1506.24,N, N,
186,Westlake ND,Dunn & Nguyen,1506.213,N, N,
187,Northridge GL,Gupta & Lee,1506.148,N, N,
188,DF CY,Choudhury & Yee,1505.93,N, N,
189,Arizona Chandler Independent VV,Velicheti & Venkat,1505.657,N, N,
190,San Marino LT,Li & Tran,1505.622,N, N,
191,Windemere Ranch ADACC BB,Barani & Barodawala,1505.592,N, N,
192,Westwood XT,Tran & Xu,1505.368,N, N,
193,James Madison SS,Saraf & Shnekendorf,1505.267,N, N,
194,Strake Jesuit  JH,Hasan & Jumalon,1505.119,N, N,
195,Brearley SC,Carlson & Schwartz,1504.756,N, N,
196,Archbishop Mitty SV,Shim & Vohra,1504.633,N, N,
197,Magnolia SW,Sirdeshmukh & Wang,1504.59,N, N,
198,Argument Institute MG,Gundimeda & Meng,1504.223,N, N,
199,Stratford WW,Wang & Wu,1503.924,N, N,
200,Hewitt DR,& Lavandeyra de Rubin,1503.915,N, N,
201,Jasper MY,Mower & Yang,1503.828,N, N,
202,Equality Independent JN,Jhamb & Nagrath,1503.747,N, N,
203,Nueva ES,Emanuel & Soral,1503.739,N, N,
204,AG CM,Chilongo & McIver,1503.711,N, N,
205,DF CeWa,Celiktas & Wang,1503.672,N, N,
206,Oakwood FL,Fischer & Light,1503.579,N, N,
207,Arizona  ZZ,Zahid & Zhang,1503.453,N, N,
208,Robinson MW,Mulay & Walker,1503.421,N, N,
209,Lambert ML,Liu & Mukker,1503.309,N, N,
210,Maret Independent DG,Das & Gordon,1503.012,N, N,
211,Hawken JM,Jaffar & Mohammadi,1502.914,N, N,
212,McDowell SD,Deventhira-Raja & Shankar,1502.666,N, N,
213,GG LR,Lankella & Riley,1502.612,N, N,
214,Colony GS,Grant & Sterenberg,1502.597,N, N,
215,Cambridge LS,Lee & Shen,1502.311,N, N,
216,College Prep AJ,Acharya & Jain,1502.278,N, N,
217,Regis NP,Napoli & Prisament,1502.258,N, N,
218,EA ES,Ebbin & Shang,1502.238,N, N,
219,Denver East ZB,Bograd & Zabarsky,1502.176,N, N,
220,Flintridge Prep ZL,Lavichant & Zhao,1502.088,N, N,
221,Cary Acad CD,Curtis & Daniel,1501.98,N, N,
222,University HS Charter AA,Adjoyi & Arega,1501.854,N, N,
223,North Gwinnett LA,Annambhotla & Lee,1501.837,N, N,
224,Strath Haven LZ,Logue & Zhang,1501.8,N, N,
225,Strake Jesuit  WC,Carlile & Wu,1501.775,N, N,
226,Southlake Carroll CV,Chelluri & Vishnukumar,1501.72,N, N,
227,Golden State BM,Bansal & Manral,1501.549,N, N,
228,Christopher Columbus GG,Gell & Gonzalez,1501.531,N, N,
229,College Prep AS,Alhamadsheh & Sherer,1501.447,N, N,
230,AJ HH,Hassan & Hosamani,1501.425,N, N,
231,Nueva CC,Cedar & Cofino,1501.39,N, N,
232,Westwood YN,Nagulapally & Yang,1501.317,N, N,
233,Milpitas ML,Lo & Mathur,1501.269,N, N,
234,Westridge KP,Khoury & Pan,1501.253,N, N,
235,Brooklyn Technical UK,Kakumanu & Urban,1501.202,N, N,
236,GD NY,Najafian & Yi,1501.188,N, N,
237,DF XW,Wang & Xiao,1501.171,N, N,
238,Homewood-Flossmoor CD,Cherry & Dickey,1501.149,N, N,
239,Ransom Everglades CG,Chinoy & Gold,1501.077,N, N,
240,Stockdale JC,Corona & Jiang,1500.937,N, N,
241,Plano West RL,Luo & Ronanki,1500.853,N, N,
242,EE SV,Sureneni & Venkatachalam,1500.814,N, N,
243,Magnolia DL,Ding & Lou,1500.768,N, N,
244,Honor BP,Bang & Park,1500.728,N, N,
245,Oakwood TT,Turk & Turk,1500.708,N, N,
246,Cambridge DJ,D'Souza & Jafari,1500.576,N, N,
247,North Allegheny GR,Ghosh & Raajiv Sai,1500.55,N, N,
248,La Salle  PJ,Jackson & Petrosyan,1500.517,N, N,
249,Southlake Carroll NC,Chanana & Nambakkam,1500.501,N, N,
250,Gulliver Prep IT,Ishoof & Taylor,1500.487,N, N,
251,Bronx Science AE,Akella & Emery,1500.484,N, N,
252,Loyola OM,Min & Oh,1500.401,N, N,
253,Trinity AS,Achuthan & Spitzer,1500.397,N, N,
254,Plano East LT,Litmanen & To,1500.393,N, N,
255,Dougherty Valley GP,Gireesha & Pal,1500.373,N, N,
256,Jasper JX,Jiang & Xie,1500.369,N, N,
257,Westwood AG,Annamreddy & Guduru,1500.357,N, N,
258,Mountain Brook LH,Holden & Long,1500.324,N, N,
259,Hamilton KZ,Kalmadi & Zhao,1500.31,N, N,
260,Maret Independent HL,Hernandez & Lee,1500.307,N, N,
261,Cranbrook WT,Tang & Wu,1500.306,N, N,
262,South Forsyth AY,Avdhani & Yadav,1500.303,N, N,
263,Arizona  NG,Gandhi & Naqvi,1500.303,N, N,
264,Hunter UY,Urena-Bernabel & Yeh,1500.3,N, N,
265,West Windsor Plainsboro South NK,Katyal & Nurullayeva,1500.299,N, N,
266,Pingry LH,Hao & Liu,1500.297,N, N,
267,Belvidere North GR,Gilbertson & Richardson,1500.294,N, N,
268,Masters PL,Danahy-Levine & Panos,1500.292,N, N,
269,Edina MM,Mehta & Meredith,1500.29,N, N,
270,Equality Independent BZ,Burke & Zheng,1500.29,N, N,
271,Valley Oak PU,Paradkar & Uppalapati,1500.287,N, N,
272,Hunter RS,Rodriguez & Snodgrass,1500.283,N, N,
273,Colorado Academy Independent MI,Iyengar & Miller,1500.283,N, N,
274,Westlake RG,Garimella & Rana,1500.19,N, N,
275,FS RS,Ramirez & Spaans,1500.178,N, N,
276,Discourse Power PM,Madaan & Peter,1500.171,N, N,
277,Lynbrook GT,Gao & Tat,1500.162,N, N,
278,American Heritage Broward NM,Mishiev & Narasimhan,1500.155,N, N,
279,EA VS,Senani & Vatsa,1500.152,N, N,
280,Westwood PS,Patil & Shah,1500.148,N, N,
281,Samuel Wolfson KR,Kelley & Rolle,1500.145,N, N,
282,Natick IK,Ibraev & Karanjit,1500.143,N, N,
283,Bronx Science MN,Muñoz & Namgyal,1500.141,N, N,
284,Dougherty Valley VK,Kiran & Vo,1500.132,N, N,
285,Westlake NR,Nguyen & Rana,1500.132,N, N,
286,Dreyfoos Arts MF,Fiala & Mo,1500.122,N, N,
287,Summit LD,Davies & Liang,1500.1,N, N,
288,Ivy MM,Mohan & Moran,1500.096,N, N,
289,Oakwood FoLe,Fox-Clifford & Lee,1500.076,N, N,
290,AG BH,Baruri & Hollis,1500.065,N, N,
291,Oakwood GR,Gardner-Berg & Rosenfelt,1500.051,N, N,
292,Oakwood BH,Birnbaum & Harmon,1500.045,N, N,
293,St Mary's Hall AB,Ashwath & Bhakta,1500.023,N, N,
294,Omega ZV,Volkov & Zhang,1500.02,N, N,
295,Blake DP,Deng & Padmanabhan,1500.014,N, N,
296,Summit BZ,Borkar & Zarro,1500.013,N, N,
297,Emerald HK,Haile & Khalifa,1500.013,N, N,
298,Potomac AR,Ajai & Ram,1500.007,N, N,
299,Thomas Jefferson HSST HL,Hallisey & Lam,1500.007,N, N,
300,Hamilton PG,Grewal & Pothukuchi,1500.007,N, N,
301,Titan Independent GS,Gokulkumar & Sureneni,1500.006,N, N,
302,Delbarton HS,Hosler & Sardar,1500.006,N, N,
303,Campbell Hall HM,Hein-Martin & McCullers,1500.006,N, N,
304,Lexington GN,Guo & Nandy,1500.0,N, N,
305,Marist ZC,Crunk & Zeigler,1500.0,N, N,
306,Marist ST,Scherrer & Thakur,1500.0,N, N,
307,Ivy Bridge NL,Leger & Naor,1500.0,N, N,
308,Scarsdale PA,Auerbach & Pascutti,1499.994,N, N,
309,Strake Jesuit  NW,Ngo & Wan,1499.993,N, N,
310,Taipei American LL,Lee & Lin,1499.99,N, N,
311,North Allegheny NS,Nagarajan & Sunthar,1499.987,N, N,
312,Bergen SK,Kim & Song,1499.986,N, N,
313,Blake VS,Sosseh & Vora,1499.986,N, N,
314,FF CW,Chan & Wazni,1499.981,N, N,
315,NC School Of Science and Math - Durham SK,Karthikeyan & Shan,1499.981,N, N,
316,Lake Highland Prep TS,Sant & Tella,1499.98,N, N,
317,Unionville CM,Cai & Mohapatra,1499.979,N, N,
318,Dougherty Valley JM,Jamal & Mallajosyula,1499.967,N, N,
319,Northwood XB,Bhootra & Xiong,1499.966,N, N,
320,Scarsdale CZ,Chen & Zhu,1499.965,N, N,
321,St John's HS,Hu & Shaitelman,1499.947,N, N,
322,AJ RK,Kasi & Roy,1499.947,N, N,
323,Strake Jesuit  SH,Hill & Segraves,1499.945,N, N,
324,Plano West CC,Chen & Cui,1499.885,N, N,
325,Northeast Atlantic Independent KZ,Kapasi & Zhang,1499.862,N, N,
326,Taipei American ZK,Kuo & Zhong,1499.852,N, N,
327,Palo Verde VZ,Vittorio & Zhong,1499.849,N, N,
328,Collegiate BK,Belman & Kleinman,1499.841,N, N,
329,Harbinger TY,Tan & Yu,1499.835,N, N,
330,FM XP,Pan & Xi,1499.808,N, N,
331,Harker GV,Gupta & Vijay,1499.798,N, N,
332,EA HR,Hegde & Rao,1499.789,N, N,
333,Garland MR,Moreno & Rodgers,1499.74,N, N,
334,Emerald XN,Nookala & Xu,1499.738,N, N,
335,Lawrenceville CM,Chidambaram & Miao,1499.716,N, N,
336,Palm Harbor PG,Gupta & Popuri,1499.71,N, N,
337,Nova 42 YV,Vibberts & Yaokasin,1499.709,N, N,
338,Claremont LP,Luschei & Park,1499.708,N, N,
339,Bergen RC,Chen & Ren,1499.703,N, N,
340,Myers Park HV,Holland & Voltolina,1499.703,N, N,
341,Dougherty Valley BS,Bansal & Shah,1499.7,N, N,
342,Hawken HK,Honda & Kislyansky,1499.694,N, N,
343,Irvine Independent SP,Patel & Sun,1499.69,N, N,
344,Lincoln-Sudbury KI,Immonen & Karmacharya,1499.69,N, N,
345,AJ RR,Raythatha & Revankar,1499.681,N, N,
346,Myers Park HL,Hobbs & Lore,1499.677,N, N,
347,University KI,Ihler & Katkuri,1499.181,N, N,
348,Horace Mann VK,Krikorian & Venkateswaran,1499.124,N, N,
349,Montgomery Blair LT,Li & Tang,1499.014,N, N,
350,AA DS,Davis & Srinivas,1498.805,N, N,
351,Stuyvesant LY,Liu & Yarden,1498.669,N, N,
352,Robinson MB,Borunda & Musolino,1498.311,N, N,
353,Hunter DC,Chisholm & Deng,1498.217,N, N,
354,Hunter JK,Jetley & Khuu,1498.186,N, N,
355,Honor LR,Lee & Revagad,1498.07,N, N,
356,Emerald MG,Goswami & Mamidi,1497.555,N, N,
357,Scarsdale HW,He & Wang,1497.086,N, N,
358,AH MW,Mi & Wei,1496.799,N, N,
359,AJ SS,Sawant & Shen,1496.777,N, N,
360,DC FZ,Feng & Zhou,1496.592,N, N,
361,DH GB,Bhat & Gong,1496.509,N, N,
362,EL MV,Meredith & Vega,1496.475,N, N,
363,Bellaire AC,Ahmed & Cheng,1496.414,N, N,
364,DC AM,Ahn & Medvedev,1496.252,N, N,
365,Cary Acad ZB,Bezuayehu & Zhao,1494.467,N, N,
366,Milpitas DN,Damaraju & Nguyen,1493.555,N, N,
367,DF LS,Lu & Song,1493.4,N, N,
368,Loyola BT,Besada & Turse,1493.293,N, N,
369,DF KT,Kapoor & Thomas,1493.218,N, N,
370,Ravenwood SV,Sankar & Volety,1493.13,N, N,
371,GE HS,He & Sreeram,1493.129,N, N,
372,Ivy Bridge KP,Karthikeyan & Puri,1493.114,N, N,
373,Strake Jesuit  PD,& Hernandez Pruneda Davis,1493.025,N, N,
374,Hunter AM,Almedia-Batallas & Mak,1492.971,N, N,
375,AH QY,Qiu & Yang,1492.822,N, N,
376,DF GZ,Gao & Ziv Petreanu,1492.764,N, N,
377,AJ ZP,Patel & Zhao,1492.734,N, N,
378,DF OS,Oliveira & Shraytah,1492.695,N, N,
379,CP DF,Deng & Fan,1492.635,N, N,
380,Los Osos WW,Wang & Wong,1492.579,N, N,
381,EL GA,Allocco & Gotte,1492.528,N, N,
382,West Windsor Plainsboro South TK,Kamath & Tripathi,1492.5,N, N,
383,Blake DZ,Du & Zhou,1492.493,N, N,
384,AJ MM,Ma & Marri,1492.471,N, N,
385,Northeast Atlantic Independent MD,Da & Mohan,1492.365,N, N,
386,BB NR,Nielsen & Raymond,1492.34,N, N,
387,AG LN,Larson & Narayanan,1492.334,N, N,
388,Dougherty Valley TK,Kummariguntla & Thacker,1490.97,N, N,
389,Livingston SZ,Shah & Zhang,1490.58,N, N,
390,Winston Churchill FK,Fan & Kella,1489.585,N, N,
391,EA TS,Sivasenthil & Thaduru,1489.087,N, N,
392,ET BN,Bobaru & Neamu,1488.801,N, N,
393,VDA - Vancouver GZ,Guo & Zhang,1488.705,N, N,
394,DK ZR,Ryu & Zhou,1488.682,N, N,
395,DK PB,Burke & Potere,1488.677,N, N,
396,Trinity Prep PM,Membreno & Paul,1488.665,N, N,
397,AH XL,Li & Xu,1488.642,N, N,
398,McLean ZK,Kim & Zou,1488.517,N, N,
399,Natick BY,Belev & Yu,1488.214,N, N,
400,Ridge BN,Bonda & Narang,1487.912,N, N,
401,Lakeville North KW,Kosobud & Wells,1487.713,N, N,
402,Stockdale DW,Deleon & Woodman,1487.632,N, N,
403,EA GS,Gollapudi & Sivasenthil,1487.206,N, N,
404,St John's KP,Kulkarni & Pandya,1486.938,N, N,
405,Strake Jesuit  SJ,Jiang & Shatby,1486.937,N, N,
406,San Marino CC,Chow & Chwang,1486.886,N, N,
407,San Marino YK,Kim & Yao,1486.507,N, N,
408,(Frisco) Lebanon Trail KN,Karnati & Nagpal,1486.477,N, N,
409,DF KX,Kapasi & Xiong,1486.364,N, N,
410,AA SS,Sadare & Saini,1486.313,N, N,
411,Plano West YC,Cheng & Yu,1486.193,N, N,
412,Harker PP,Petrova & Pramod,1486.077,N, N,
413,EE NS,Nelatoor & Saraswatula,1485.958,N, N,
414,Windward LS,Litt & Shooshani,1485.752,N, N,
415,Plano East GP,Gonchigar & Patel,1485.445,N, N,
416,Mont. Acad DD,Daryanani & Doan,1485.439,N, N,
417,Honor PS,Park & Singh,1485.434,N, N,
418,DH PS,Pal & Shaik,1485.417,N, N,
419,James Bowie MV,Manders & Verghese,1485.386,N, N,
420,(Frisco) Lebanon Trail MD,Dani & Mahadevan,1485.371,N, N,
421,Southlake Carroll FM,Farooqi & Mugilan,1485.322,N, N,
422,McLean LC,Cai & Liu,1485.317,N, N,
423,Durham TS,Schulz & Tsui,1485.317,N, N,
424,Brother Rice KP,Kallabat & Pinto,1485.316,N, N,
425,Taipei American CH,Chang & Huang,1485.311,N, N,
426,West Windsor Plainsboro South TH,Harish & Telang,1485.31,N, N,
427,Horace Mann CY,Chang & Yao,1485.31,N, N,
428,Edgewood FM,Feagan & McVicker,1485.307,N, N,
429,Thomas Wootton Independent GG,Gao & Garg,1485.307,N, N,
430,Fairmont Prep WA,Ahmed & Wan,1485.304,N, N,
431,St Paul Academy and Summit GC,Chen & Gao,1485.303,N, N,
432,Arizona  AS,Al-Sulaihim & Sankar,1485.303,N, N,
433,Ivy Bridge MK,Kalra & MacColl,1485.301,N, N,
434,McLean ST,Sandhu & Thomas,1485.3,N, N,
435,Golden State CK,Chen & Kim,1485.299,N, N,
436,Bronx Science NV,Nu & Veerubhotla,1485.297,N, N,
437,BASIS Peoria Independent KC,Cho & Korpe,1485.297,N, N,
438,Loyola HK,Han & Kassabian,1485.296,N, N,
439,Bentonville West WP,Polavarapu & Wang,1485.291,N, N,
440,Lambert SL,Li & Sood,1485.29,N, N,
441,Ravenwood MF,Fedorov & Mehendale,1485.29,N, N,
442,AJ BB,Bende & Botla,1485.267,N, N,
443,Northwood GK,Guddeti & Kamat,1485.178,N, N,
444,Cambridge LM,Lewis & Marsh,1485.172,N, N,
445,Bentonville West VP,Patterson & Vernetti,1485.156,N, N,
446,Wheatley CW,Cai & Wong,1485.155,N, N,
447,Arizona  KB,Bagga & Kim,1485.152,N, N,
448,West Windsor Plainsboro South RK,Kandukuri & Rai,1485.151,N, N,
449,Middle HR,& Garcia Herandez Roark,1485.052,N, N,
450,Northwood CJ,Chalasani & Jin,1485.034,N, N,
451,Hebron KM,Kim & Mehta,1485.032,N, N,
452,West Windsor Plainsboro South GW,Gupta & Waikul,1485.02,N, N,
453,Harker LY,Liu & Yeh,1485.013,N, N,
454,Fairmont Prep LZ,Lu & Zraiqat,1485.01,N, N,
455,Horace Mann AT,Ayromloo & Tong,1485.01,N, N,
456,East Ridge MV,Mahajan & Vijayakumar,1485.007,N, N,
457,Hamilton MM,Mali & Muccala,1485.004,N, N,
458,Hunter AS,Arora & Shah,1485.004,N, N,
459,Thomas Jefferson HSST CC,Chu & Cui,1485.003,N, N,
460,Titan Independent SS,She & Sun,1485.0,N, N,
461,Northwood RK,Kim & Raina,1484.951,N, N,
462,EE BM,Bheemineni & Maddi,1484.901,N, N,
463,Titan Independent SV,Saha & Venkatachalam,1484.862,N, N,
464,Del Mar Torrey Independent HX,Hu & Xu,1484.848,N, N,
465,Lakeville South BK,Berntson & Komlan,1484.846,N, N,
466,Archbishop Mitty YV,Venkatraman & Yang,1484.763,N, N,
467,Ivy Bridge CP,Choi & Park,1484.73,N, N,
468,OES KK,Kim & Kim,1484.717,N, N,
469,Acton-Boxborough LR,Leo & Rao,1484.716,N, N,
470,Northwood SK,Kher & Soni,1484.713,N, N,
471,National Debate Club (NDC) ID,Dandekar & Iyengar,1484.711,N, N,
472,Bronx Science GM,Greenberg & Mattoo,1484.71,N, N,
473,Brother Rice DS,Dashnaw & Schalk,1484.707,N, N,
474,Fairmont Prep LS,Li & Sasspal,1484.704,N, N,
475,Palo Alto MD,Dang & Meng,1484.703,N, N,
476,Iowa City West AD,Abudagga & Dudeja,1484.697,N, N,
477,Palm Harbor ML,Lawrence & Mrkva,1484.694,N, N,
478,Emerald RW,Ramalingam & Wankhede,1484.691,N, N,
479,Stockdale MT,Moe & Trang,1484.61,N, N,
480,Harker DB,Bao & Du,1484.576,N, N,
481,Bronx Science LiPa,Lin & Pathak Mehta,1484.565,N, N,
482,Taft KW,Koneri & Wu,1484.559,N, N,
483,Liangyi Youth Leadership GY,Gu & Ye,1484.545,N, N,
484,Notre Dame San Jose BP,Baul & Parikh,1484.538,N, N,
485,Horace Mann ES,Ergin & Scheinfeld,1484.529,N, N,
486,Taft WP,Perlin & Williams,1484.503,N, N,
487,University HS Charter MA,Altman & Morales,1484.424,N, N,
488,Los Osos KU,Kim & U,1484.201,N, N,
489,EA KM,Kim & Misro,1482.647,N, N,
490,DC HC,Chan & Huang,1481.698,N, N,
491,AH WK,Kim & Wang,1478.567,N, N,
492,University HS Charter BC,Blake & Carrillo,1478.51,N, N,
493,Berkeley Lake GL,Gupta & Li,1478.292,N, N,
494,Southlake Carroll HR,Hussain & Reddy,1478.147,N, N,
495,College Prep BZ,Boscardin & Zedlewski,1478.124,N, N,
496,CR North KY,Kulshrestha & Ye,1478.117,N, N,
497,Cabot CC,Chambers & Culpepper,1478.047,N, N,
498,Potomac DZ,Dayananda & Zhang,1477.982,N, N,
499,Discourse Power BS,Biju & Sisodiya,1477.972,N, N,
500,Argument Institute CS,Chan & Sawhney,1477.81,N, N,
501,AA SG,Gadin & Shatby,1477.673,N, N,
502,Loyola CK,Cucher & Kim,1477.44,N, N,
503,Tompkins PM,Mody & Patel,1476.42,N, N,
504,DC ZL,Lee & Zhang,1475.742,N, N,
505,Bellaire KZ,Khadse & Zhao,1474.089,N, N,
506,Townsend Harris MM,Medage & Mendonca,1474.064,N, N,
507,Townsend Harris MP,Miketa-Garcia & Pavone,1473.509,N, N,
508,Summit TM,Mudgal & Tham,1473.221,N, N,
509,AD VD,Deep & Virdi,1473.204,N, N,
510,Marist MP,Mastella & Powell,1473.108,N, N,
511,Milpitas XS,Sana & Xie,1473.003,N, N,
512,McDowell MD,Davidson & Mohammed,1472.967,N, N,
513,Ivy HJ,Huynh & Julakanti,1472.913,N, N,
514,Fairmont Prep SS,Sodhi & Sodhi,1472.382,N, N,
515,ModernBrain SS,Shen & Song,1472.26,N, N,
516,Montgomery Blair AS,Awasthi & Shenolikar,1472.128,N, N,
517,Stuyvesant SM,Massim & Silakov,1472.127,N, N,
518,Pingry CH,Chadha & Hao,1472.11,N, N,
519,McDowell NR,Negron & Rastatter,1471.87,N, N,
520,American Heritage Palm Beach FS,Feldman & Shuter,1471.692,N, N,
521,Durham GK,Gao & Knowles,1471.63,N, N,
522,Bentonville West MP,Mustafa & Panigrahi,1471.596,N, N,
523,Midwood FK,Fitenko & Khidirova,1471.544,N, N,
524,Winchester BY,Berstein & Yang,1471.534,N, N,
525,Hunter WuTs,Tsung & Wu,1471.524,N, N,
526,Loyola WY,Wilson & Yiu,1471.396,N, N,
527,Canyon Crest PS,Pham & Sethee,1471.312,N, N,
528,Molloy CL,Contreras & Lukose,1471.308,N, N,
529,Scarsdale ZC,Chen & Zhang,1471.305,N, N,
530,Trinity CG,Chen & Guan,1471.22,N, N,
531,Schreiber DL,Drozdowicz & Lefkowitz,1471.154,N, N,
532,Loyola WL,Lally & Wong,1471.098,N, N,
533,Fordham Prep JG,Giuseppi & Jasik,1470.807,N, N,
534,Oxbridge BM,Bruneau & Martindale,1470.755,N, N,
535,Mountain Brook WN,Noel & Williams,1470.64,N, N,
536,Byram Hills CZ,Cai & Zodda,1470.603,N, N,
537,St John's SL,Lalani & Sultan,1470.478,N, N,
538,Harker GS,Gupta & Sharma,1470.455,N, N,
539,West Windsor Plainsboro South NJ,Jayamohan & Nerkar,1470.343,N, N,
540,San Marino WW,Wang & Wang,1470.332,N, N,
541,Strake Jesuit  CC,Chen & Choi,1470.33,N, N,
542,Foothill Independent ZL,Lu & Zhu,1470.33,N, N,
543,Nueva MW,McLaughlin & WOJIN,1470.33,N, N,
544,Strake Jesuit  BK,Bhardwaj & Keswani,1470.329,N, N,
545,Ravenwood RR,Raj & Ravilla,1470.323,N, N,
546,Taipei American PT,Park & Tsai,1470.323,N, N,
547,West Windsor Plainsboro South GD,Dharma & Gupta,1470.323,N, N,
548,NSU MS,Malka & Szapiro,1470.317,N, N,
549,Walt Whitman SR,Rucaj & Shailesh,1470.316,N, N,
550,Hunter DW,Du & Wang,1470.31,N, N,
551,McLean DS,Deng & Sandhu,1470.306,N, N,
552,Mission San Jose SV,Sood & Vashisht,1470.303,N, N,
553,Marist BF,Baldwin & Findley,1470.303,N, N,
554,Bronx Science DP,Dugar & Patel,1470.297,N, N,
555,Lincoln-Sudbury PK,Karmacharya & Patel,1470.291,N, N,
556,Byram Hills VT,& Anden Van Tardieu,1470.284,N, N,
557,Gabrielino PP,Phung & Phung,1470.059,N, N,
558,St John's AS,Arnold & Sanchez,1470.049,N, N,
559,Campbell Hall FL,Fierro & Livingston,1470.045,N, N,
560,James Bowie MS,Mirkin & Shreeve,1470.031,N, N,
561,BASIS Peoria Independent PS,Peddireddi & Sumesh,1470.026,N, N,
562,Ravenwood NM,Mohamed & Narayanan,1470.014,N, N,
563,Flintridge Prep OR,Ochoa & Robinson,1470.013,N, N,
564,Benjamin PJ,& Spinola Pedroni Jean-Baptiste,1470.0,N, N,
565,Half Hollow Hills HS East WS,Sachdev & Wasim,1469.978,N, N,
566,Valley Christian MC,Chen & Ma,1469.852,N, N,
567,Honor JZ,Jeong & Ziniewicz,1469.829,N, N,
568,Isidore Newman WP,Plymale & Wentz,1469.72,N, N,
569,Taipei American HL,Han & Lee,1469.717,N, N,
570,Nightingale Bamford BS,Berggrun & Spiridakis,1469.698,N, N,
571,Collegiate XP,Palmer & Xu,1469.672,N, N,
572,American Heritage Broward AC,Alvarez & Cheng,1469.671,N, N,
573,St Mary's Dominican JR,Johnston & Ricca,1469.404,N, N,
574,Scarsdale PA,Andrade & Peng,1469.369,N, N,
575,ModernBrain ZH,Zhou & hu,1469.126,N, N,
576,GK SP,Pande & Subramanian,1468.72,N, N,
577,Montville GG,Gokaraju & Gontla,1468.616,N, N,
578,Lexington ZK,Kasi & Zhao,1468.18,N, N,
579,San Marino TM,Mak & Tao,1463.902,N, N,
580,La Salle  PC,Carr & Panay,1463.891,N, N,
581,College Prep FP,Fiman & Perkins,1463.03,N, N,
582,James Bowie BL,Diaz & Lamm,1462.746,N, N,
583,Hawken WZ,Williams & Zhou,1462.665,N, N,
584,Gabrielino MZ,Mai & Zhen,1462.589,N, N,
585,Ivy XN,Nguyen & Xu,1459.002,N, N,
586,Richard Montgomery CY,Chung & Yu,1455.812,N, N,
587,West Windsor Plainsboro South WC,& Bedoya Cadenillas Wang,1455.637,N, N,
588,Clear Lake CF,Cook & Falls,1455.358,N, N,
589,Edina AM,Allocco & Ma,1455.324,N, N,
590,Mountain Brook PB,Bradford & Pringle,1455.317,N, N,
591,Montgomery Township NK,Khurana & Nagireddy,1455.316,N, N,
592,Collegiate EY,Ewart & Yan,1455.073,N, N,
593,Harker EC,Cheng & Eyal,1455.047,N, N,
594,Bronx Science LP,Leem & Pasman,1455.007,N, N,
595,VDA - Vancouver ZY,Yao & Zhang,1450.148,N, N,
596,North Allegheny DL,Durisheti & Liu,1449.876,N, N,
597,Arlington PA,Atherton & Potere,1448.861,N, N,
598,Bronx Science JM,Jones & Mahase,1447.685,N, N,
599,Brooklyn Technical  D,Budin & Dobran,1445.76,N, N,
600,Oxbridge MS,Multack & Sosin,1444.19,N, N,
601,Midwood YL,Le & Yakhayeva Seur,1443.798,N, N,
602,Phoenix AJ,Ahilan & Jiang,1443.548,N, N,
603,Natick AB,Avitzur & Benoit,1441.857,N, N,
604,Molloy VS,Satyanarayana & Vanegas Molina,1441.684,N, N,
605,Lexington ZM,Marri & Zhang,1441.468,N, N,
606,Winchester YG,Gierga & Yang,1441.43,N, N,
607,American Heritage Palm Beach DR,Dahabra & Rohit,1440.76,N, N,
608,American Heritage Broward SJ,Jos & Shin,1440.685,N, N,
609,Midwood CU,Chen & Uguzovas,1440.188,N, N,
610,Horace Greeley OS,O'Hara & Shah,1440.107,N, N,
611,Belen Jesuit Prep KR,Kleszczewski & Rhodes,1440.021,N, N,
612,Newtown AF,Ammerman & Feder,1439.856,N, N,
613,University Neighborhood NC,Corlette & Nguyen,1439.269,N, N,
614,Brooklyn Technical JS,Johnson & Sarcos,1439.019,N, N,
615,Canyon Crest HP,Huang & Peng,1429.045,N, N,
616,Schreiber DM,Dhillon & Messina,1411.818,N, N,
617,Edward R Murrow JM,James & Martinez,1411.154,N, N,
618,Schreiber LC,Chernosky & Loftus,1409.838,N, N,